{
  "ensemble_accuracy": 0.7333333333333333,
  "rerank_accuracy": 0.7333333333333333,
  "improvement": 0.0
}